id,username,email,created_at
1,harbormeadow27,harbormeadow27@opswise.net,2025-09-04 16:26:21
2,keenbeacon91,keenbeacon91@acme.dev,2024-12-09 11:06:24
3,youngengine79,youngengine79@hackstack.io,2024-03-19 03:48:12
4,silverlagoon87,silverlagoon87@hackstack.io,2025-10-17 05:33:10
5,forestyard45,forestyard45@opswise.net,2024-09-18 08:50:45
6,calmpioneer45,calmpioneer45@acme.dev,2025-09-19 03:37:35
7,forestsignal92,forestsignal92@seeded.app,2025-08-16 09:56:09
8,vividengine04,vividengine04@hackstack.io,2025-01-14 21:13:34
9,cobaltdelta75,cobaltdelta75@relay.cloud,2025-03-08 05:24:49
10,quietcanyon35,quietcanyon35@example.com,2025-01-01 06:13:52
11,quietlagoon70,quietlagoon70@hackstack.io,2025-10-10 04:49:54
12,cobaltfield32,cobaltfield32@example.com,2024-04-03 23:03:10
13,opaltrail93,opaltrail93@seeded.app,2024-10-01 04:10:59
14,keensignal80,keensignal80@hackstack.io,2025-11-12 19:40:15
15,dawnjourney40,dawnjourney40@example.com,2026-01-11 14:51:10
16,rapidmeadow72,rapidmeadow72@relay.cloud,2025-01-22 15:41:38
17,dawnorbit82,dawnorbit82@opswise.net,2024-11-26 00:50:50
18,clearmeadow59,clearmeadow59@acme.dev,2025-11-03 21:35:28
19,quietzenith21,quietzenith21@seeded.app,2025-04-27 19:07:46
20,navyquartz10,navyquartz10@hackstack.io,2024-06-11 05:09:03
21,golddelta45,golddelta45@opswise.net,2024-12-18 01:08:22
22,mellowmeadow38,mellowmeadow38@example.com,2025-09-15 05:39:13
23,jadelagoon40,jadelagoon40@opswise.net,2025-04-01 19:16:04
24,youngpioneer43,youngpioneer43@acme.dev,2024-04-24 04:11:54
25,urbanwindow31,urbanwindow31@hackstack.io,2025-07-17 03:32:23
26,navyanchor64,navyanchor64@relay.cloud,2025-03-21 13:23:21
27,keensignal48,keensignal48@acme.dev,2024-07-24 07:46:38
28,clearsignal01,clearsignal01@hackstack.io,2025-03-10 05:50:17
29,goldisland15,goldisland15@example.com,2025-11-21 08:58:36
30,dawnkernel15,dawnkernel15@opswise.net,2024-02-26 01:03:34
31,embervalley48,embervalley48@hackstack.io,2024-02-22 20:37:33
32,proudlagoon56,proudlagoon56@hackstack.io,2025-06-07 10:09:30
33,proudwindow35,proudwindow35@relay.cloud,2025-11-11 10:25:47
34,amberkernel92,amberkernel92@example.com,2025-05-17 03:53:55
35,emberkernel05,emberkernel05@hackstack.io,2025-03-15 21:39:20
36,proudcanyon33,proudcanyon33@seeded.app,2025-02-20 15:01:32
37,harborvalley86,harborvalley86@relay.cloud,2026-01-06 02:56:42
38,proudgarden20,proudgarden20@seeded.app,2024-05-17 14:52:43
39,keenriver03,keenriver03@relay.cloud,2025-06-02 22:36:26
40,ivoryharvest01,ivoryharvest01@opswise.net,2024-11-11 02:54:25
41,embernetwork10,embernetwork10@opswise.net,2024-09-05 04:24:48
42,goldcanyon73,goldcanyon73@seeded.app,2024-05-08 05:02:14
43,cobaltnetwork30,cobaltnetwork30@hackstack.io,2025-02-07 16:03:36
44,proudorbit39,proudorbit39@hackstack.io,2024-11-04 11:55:33
45,livelyharvest34,livelyharvest34@hackstack.io,2024-05-13 04:26:14
46,ambermeadow16,ambermeadow16@hackstack.io,2025-08-10 05:17:35
47,dawnlagoon47,dawnlagoon47@example.com,2025-09-18 04:57:57
48,goldanchor58,goldanchor58@example.com,2025-09-19 12:18:01
49,dawnfield01,dawnfield01@hackstack.io,2024-04-26 22:57:30
50,ivorynetwork88,ivorynetwork88@seeded.app,2026-01-16 10:00:12
51,warmfield86,warmfield86@example.com,2024-10-18 23:58:44
52,amberkernel96,amberkernel96@hackstack.io,2024-05-11 23:14:45
53,cobaltkernel45,cobaltkernel45@hackstack.io,2024-06-14 13:56:16
54,goldmeadow27,goldmeadow27@example.com,2024-05-23 05:17:08
55,navyharvest88,navyharvest88@hackstack.io,2025-07-26 07:31:00
56,jadebeacon16,jadebeacon16@acme.dev,2025-04-22 05:15:02
57,tidyharvest70,tidyharvest70@example.com,2024-10-11 00:07:11
58,dawnengine49,dawnengine49@seeded.app,2024-04-26 03:15:44
59,opalisland47,opalisland47@example.com,2025-01-15 03:42:20
60,briskuplink13,briskuplink13@hackstack.io,2025-03-13 04:47:24
61,urbanuplink21,urbanuplink21@seeded.app,2025-08-31 03:19:16
62,livelyjourney14,livelyjourney14@example.com,2026-01-06 12:21:58
63,navylagoon41,navylagoon41@opswise.net,2025-11-15 21:09:41
64,cobaltengine01,cobaltengine01@acme.dev,2024-06-30 14:11:21
65,warmisland37,warmisland37@acme.dev,2026-01-31 16:30:04
66,opalvalley29,opalvalley29@seeded.app,2025-10-12 13:08:23
67,calmharvest48,calmharvest48@seeded.app,2026-01-01 22:36:04
68,briskquartz70,briskquartz70@relay.cloud,2025-01-27 13:43:00
69,urbannetwork75,urbannetwork75@example.com,2026-01-25 05:26:10
70,ivoryorbit20,ivoryorbit20@seeded.app,2024-06-09 07:13:46
71,silversignal11,silversignal11@seeded.app,2024-05-31 03:40:27
72,briskgarden87,briskgarden87@opswise.net,2024-07-15 15:12:29
73,navygarden39,navygarden39@seeded.app,2025-08-06 13:06:02
74,jadevalley89,jadevalley89@hackstack.io,2024-08-27 05:51:25
75,warmanchor19,warmanchor19@opswise.net,2026-01-27 10:16:58
76,navytrail82,navytrail82@example.com,2025-09-09 10:32:04
77,ambercanyon60,ambercanyon60@example.com,2024-08-01 09:35:25
78,keenengine50,keenengine50@acme.dev,2024-04-09 03:39:04
79,goldlagoon75,goldlagoon75@seeded.app,2025-05-24 17:23:13
80,goldyard52,goldyard52@example.com,2024-08-03 20:51:48
81,keenisland32,keenisland32@hackstack.io,2025-09-15 03:17:49
82,warmengine14,warmengine14@example.com,2025-10-31 10:15:22
83,rapidsignal42,rapidsignal42@hackstack.io,2025-08-15 20:21:04
84,jademeadow90,jademeadow90@relay.cloud,2024-01-18 13:08:48
85,vividquartz14,vividquartz14@hackstack.io,2024-04-27 09:37:55
86,harborgarden37,harborgarden37@relay.cloud,2024-05-22 02:16:37
87,calmlagoon31,calmlagoon31@seeded.app,2025-10-04 17:09:07
88,dawnvalley45,dawnvalley45@acme.dev,2025-06-27 17:34:44
89,forestsignal23,forestsignal23@hackstack.io,2024-04-08 01:53:04
90,ivoryanchor44,ivoryanchor44@example.com,2025-02-22 04:34:12
91,proudmeadow08,proudmeadow08@hackstack.io,2024-08-05 15:19:26
92,mellowdelta02,mellowdelta02@acme.dev,2024-08-23 05:24:04
93,harborbeacon65,harborbeacon65@opswise.net,2025-01-02 15:56:28
94,ivoryvalley96,ivoryvalley96@hackstack.io,2025-08-07 06:29:48
95,youngkernel60,youngkernel60@hackstack.io,2025-09-22 02:17:58
96,keenpioneer69,keenpioneer69@relay.cloud,2025-04-27 18:39:48
97,keenorbit36,keenorbit36@example.com,2025-08-27 06:25:58
98,clearyard48,clearyard48@acme.dev,2024-02-16 00:33:24
99,cobaltjourney24,cobaltjourney24@hackstack.io,2024-11-15 15:33:19
100,silveranchor50,silveranchor50@opswise.net,2024-07-05 11:54:54
101,keennetwork86,keennetwork86@example.com,2024-05-31 17:33:59
102,embertrail98,embertrail98@opswise.net,2024-11-30 03:16:16
103,warmvalley80,warmvalley80@example.com,2024-01-07 16:51:02
104,opalvalley67,opalvalley67@opswise.net,2025-05-13 17:03:02
105,tidylagoon28,tidylagoon28@hackstack.io,2024-04-20 09:49:10
106,amberdelta50,amberdelta50@seeded.app,2026-01-15 06:20:21
107,vividriver05,vividriver05@seeded.app,2025-03-30 18:45:22
108,mellowriver55,mellowriver55@hackstack.io,2024-09-14 23:31:08
109,jadegarden44,jadegarden44@opswise.net,2024-06-29 05:48:10
110,mellowsignal83,mellowsignal83@opswise.net,2025-05-25 06:28:47
111,silverriver20,silverriver20@relay.cloud,2024-09-24 03:39:38
112,quietjourney23,quietjourney23@hackstack.io,2025-05-01 12:00:27
113,clearuplink52,clearuplink52@seeded.app,2025-07-22 18:47:24
114,quietengine26,quietengine26@seeded.app,2024-06-10 03:14:46
115,vividnetwork56,vividnetwork56@relay.cloud,2024-06-09 03:24:50
116,jaderiver57,jaderiver57@example.com,2025-08-15 04:32:14
117,keenmeadow06,keenmeadow06@seeded.app,2024-09-08 02:59:22
118,calmanchor27,calmanchor27@relay.cloud,2024-04-01 17:14:55
119,embermeadow64,embermeadow64@example.com,2025-03-03 21:25:15
120,urbanuplink15,urbanuplink15@seeded.app,2024-11-08 20:41:42
121,forestdelta38,forestdelta38@hackstack.io,2025-04-03 17:23:01
122,quietorbit91,quietorbit91@hackstack.io,2024-08-18 23:45:04
123,quietmeadow77,quietmeadow77@seeded.app,2026-01-27 17:58:10
124,brisknetwork13,brisknetwork13@seeded.app,2024-04-29 03:51:53
125,quietengine38,quietengine38@hackstack.io,2024-01-19 05:00:43
126,quietmeadow16,quietmeadow16@hackstack.io,2024-05-29 09:50:32
127,silverpioneer21,silverpioneer21@example.com,2025-10-24 23:56:02
128,tidyyard23,tidyyard23@acme.dev,2025-02-07 20:45:35
129,dawnquartz36,dawnquartz36@opswise.net,2025-10-17 19:47:59
130,vividdelta25,vividdelta25@seeded.app,2024-10-23 14:39:22
131,emberharvest88,emberharvest88@seeded.app,2024-10-14 10:27:53
132,ivorynetwork89,ivorynetwork89@seeded.app,2025-02-09 12:46:37
133,youngquartz30,youngquartz30@hackstack.io,2025-04-21 08:46:42
134,livelytrail18,livelytrail18@hackstack.io,2024-09-22 14:40:22
135,vividpioneer10,vividpioneer10@hackstack.io,2025-06-28 10:11:36
136,amberyard20,amberyard20@opswise.net,2025-11-28 04:10:21
137,embertrail46,embertrail46@hackstack.io,2025-04-07 12:14:46
138,tidyharvest90,tidyharvest90@seeded.app,2024-03-20 08:51:59
139,calmfield89,calmfield89@example.com,2024-06-15 21:21:15
140,mellowriver19,mellowriver19@relay.cloud,2025-03-12 12:31:33
141,navyisland60,navyisland60@example.com,2025-09-11 05:46:34
142,keenmeadow52,keenmeadow52@seeded.app,2025-01-11 01:00:12
143,clearorbit17,clearorbit17@hackstack.io,2024-04-20 00:10:57
144,forestengine42,forestengine42@example.com,2025-12-20 11:46:31
145,navyorbit16,navyorbit16@seeded.app,2024-08-02 16:27:33
146,warmjourney51,warmjourney51@hackstack.io,2025-10-16 10:48:35
147,forestdelta74,forestdelta74@opswise.net,2024-10-02 04:48:42
148,calmcanyon97,calmcanyon97@seeded.app,2025-07-18 17:46:14
149,silvermeadow28,silvermeadow28@opswise.net,2024-01-31 20:39:16
150,proudbeacon08,proudbeacon08@hackstack.io,2024-06-24 05:51:43
151,navywindow84,navywindow84@relay.cloud,2024-07-10 12:36:35
152,cobaltbeacon10,cobaltbeacon10@relay.cloud,2026-01-30 10:35:45
153,livelyquartz04,livelyquartz04@acme.dev,2025-03-20 14:25:55
154,ivorypioneer12,ivorypioneer12@opswise.net,2024-01-23 23:51:55
155,cobaltcanyon37,cobaltcanyon37@relay.cloud,2025-11-07 09:22:21
156,goldanchor86,goldanchor86@seeded.app,2024-02-26 17:05:09
157,keenfield87,keenfield87@acme.dev,2025-03-15 05:27:17
158,ambertrail97,ambertrail97@example.com,2025-06-06 01:35:22
159,jadevalley30,jadevalley30@seeded.app,2024-12-15 19:44:25
160,urbanquartz85,urbanquartz85@seeded.app,2024-05-24 03:57:18
161,opalgarden45,opalgarden45@opswise.net,2025-01-26 05:44:28
162,dawnlagoon69,dawnlagoon69@example.com,2024-01-04 10:33:41
163,amberuplink64,amberuplink64@opswise.net,2024-01-16 01:02:29
164,tidyvalley77,tidyvalley77@seeded.app,2024-06-06 09:41:30
165,emberbeacon77,emberbeacon77@relay.cloud,2025-07-06 19:04:25
166,forestlagoon19,forestlagoon19@hackstack.io,2025-12-25 02:22:06
167,quietcanyon56,quietcanyon56@acme.dev,2025-04-01 17:45:53
168,navyjourney65,navyjourney65@opswise.net,2024-01-23 02:42:30
169,tidymeadow78,tidymeadow78@relay.cloud,2024-05-28 02:45:50
170,urbanpioneer69,urbanpioneer69@acme.dev,2024-08-20 07:53:14
171,harbordelta65,harbordelta65@example.com,2025-10-09 20:50:34
172,ivorydelta28,ivorydelta28@acme.dev,2024-08-12 07:26:28
173,urbangarden95,urbangarden95@opswise.net,2025-02-27 00:42:44
174,emberjourney53,emberjourney53@seeded.app,2025-05-27 10:35:19
175,rapidbeacon06,rapidbeacon06@opswise.net,2025-05-03 11:13:21
176,briskpioneer41,briskpioneer41@example.com,2024-12-30 13:12:50
177,calmquartz97,calmquartz97@relay.cloud,2025-03-20 16:43:54
178,ivoryengine37,ivoryengine37@hackstack.io,2024-02-14 23:17:03
179,navykernel50,navykernel50@seeded.app,2024-12-15 08:41:46
180,dawnquartz56,dawnquartz56@example.com,2025-07-21 10:45:05
181,livelyvalley63,livelyvalley63@example.com,2025-12-12 19:27:21
182,proudnetwork76,proudnetwork76@acme.dev,2025-04-16 04:32:14
183,youngengine08,youngengine08@seeded.app,2025-11-22 07:26:14
184,jadeorbit59,jadeorbit59@hackstack.io,2025-11-19 09:08:34
185,emberdelta27,emberdelta27@example.com,2024-01-02 21:23:00
186,tidyengine03,tidyengine03@hackstack.io,2024-02-06 07:47:33
187,proudkernel27,proudkernel27@example.com,2024-12-28 04:28:05
188,rapidpioneer00,rapidpioneer00@example.com,2026-01-12 22:50:23
189,jademeadow41,jademeadow41@relay.cloud,2025-08-09 20:31:19
190,emberisland06,emberisland06@example.com,2025-06-19 07:10:27
191,harborisland28,harborisland28@hackstack.io,2024-05-06 15:12:44
192,urbanisland58,urbanisland58@seeded.app,2025-05-11 14:36:19
193,opalengine51,opalengine51@acme.dev,2025-09-27 01:53:05
194,keenorbit68,keenorbit68@opswise.net,2024-10-18 03:25:50
195,goldkernel09,goldkernel09@example.com,2025-08-29 14:19:19
196,opalzenith20,opalzenith20@example.com,2024-08-20 23:17:33
197,emberanchor04,emberanchor04@opswise.net,2025-12-28 22:34:05
198,harborlagoon22,harborlagoon22@hackstack.io,2024-06-30 00:59:18
199,keenquartz67,keenquartz67@hackstack.io,2024-04-17 04:05:31
200,jadefield70,jadefield70@seeded.app,2024-11-22 03:56:31
201,dawnvalley52,dawnvalley52@relay.cloud,2024-03-24 20:37:03
202,vividfield13,vividfield13@acme.dev,2025-06-03 00:17:24
203,warmmeadow72,warmmeadow72@opswise.net,2025-02-22 07:41:52
204,livelyengine41,livelyengine41@opswise.net,2025-09-08 15:29:25
205,mellowbeacon64,mellowbeacon64@hackstack.io,2025-11-29 11:11:10
206,ivoryuplink54,ivoryuplink54@relay.cloud,2025-05-20 11:38:39
207,clearlagoon61,clearlagoon61@hackstack.io,2024-05-02 04:16:17
208,opalsignal97,opalsignal97@hackstack.io,2025-09-10 05:21:33
209,forestuplink88,forestuplink88@hackstack.io,2025-10-19 03:35:56
210,forestfield93,forestfield93@opswise.net,2025-12-30 04:25:03
211,clearlagoon28,clearlagoon28@opswise.net,2025-11-18 15:14:45
212,quietuplink94,quietuplink94@hackstack.io,2024-09-13 12:55:52
213,keenlagoon09,keenlagoon09@acme.dev,2024-05-24 19:24:28
214,navysignal02,navysignal02@relay.cloud,2025-01-04 00:22:38
215,ambernetwork49,ambernetwork49@example.com,2024-02-16 23:49:40
216,forestnetwork95,forestnetwork95@example.com,2024-05-21 00:04:36
217,keenzenith54,keenzenith54@opswise.net,2026-01-03 16:26:42
218,tidyengine08,tidyengine08@opswise.net,2024-12-11 04:53:17
219,vividriver42,vividriver42@seeded.app,2025-09-16 14:53:20
220,tidysignal32,tidysignal32@opswise.net,2025-08-10 19:50:17
221,goldfield12,goldfield12@relay.cloud,2025-01-21 17:29:24
222,proudsignal23,proudsignal23@seeded.app,2024-07-05 08:25:16
223,livelyuplink06,livelyuplink06@acme.dev,2025-05-23 10:47:35
224,ivoryyard11,ivoryyard11@hackstack.io,2024-08-13 07:45:17
225,calmquartz55,calmquartz55@relay.cloud,2024-07-22 04:01:50
226,keenpioneer64,keenpioneer64@acme.dev,2025-10-26 03:06:49
227,mellowuplink82,mellowuplink82@seeded.app,2026-01-13 13:14:29
228,cobaltwindow62,cobaltwindow62@seeded.app,2025-05-08 09:28:06
229,harbormeadow83,harbormeadow83@acme.dev,2025-09-02 05:43:10
230,vividquartz17,vividquartz17@opswise.net,2024-10-13 14:55:30
231,cobaltwindow41,cobaltwindow41@example.com,2024-06-15 01:18:06
232,proudriver91,proudriver91@opswise.net,2024-10-14 06:55:12
233,harborvalley94,harborvalley94@relay.cloud,2025-03-16 08:01:17
234,keenjourney32,keenjourney32@hackstack.io,2025-09-17 10:57:52
235,opalpioneer94,opalpioneer94@example.com,2024-11-21 21:39:41
236,ivorynetwork74,ivorynetwork74@hackstack.io,2026-01-22 19:12:12
237,amberzenith08,amberzenith08@hackstack.io,2024-04-13 22:34:12
238,dawnharvest26,dawnharvest26@opswise.net,2025-10-15 02:20:59
239,younggarden95,younggarden95@opswise.net,2025-08-08 22:38:50
240,silverkernel41,silverkernel41@seeded.app,2025-04-03 15:19:51
241,calmmeadow93,calmmeadow93@hackstack.io,2024-11-17 05:11:00
242,livelywindow83,livelywindow83@example.com,2025-10-23 18:02:52
243,dawnisland04,dawnisland04@hackstack.io,2024-04-25 02:01:31
244,urbanmeadow85,urbanmeadow85@acme.dev,2024-05-21 13:08:30
245,calmbeacon13,calmbeacon13@example.com,2024-10-11 00:03:22
246,ivoryharvest32,ivoryharvest32@example.com,2025-03-19 07:28:21
247,vividjourney42,vividjourney42@acme.dev,2024-02-13 18:56:43
248,livelyengine76,livelyengine76@hackstack.io,2025-03-05 21:52:16
249,briskzenith00,briskzenith00@relay.cloud,2024-02-12 19:24:43
250,keenanchor61,keenanchor61@opswise.net,2024-08-03 06:21:06
251,prouddelta76,prouddelta76@acme.dev,2024-05-24 21:13:09
252,rapidpioneer82,rapidpioneer82@example.com,2025-03-25 06:12:57
253,keenpioneer17,keenpioneer17@hackstack.io,2024-07-12 08:09:53
254,brisknetwork75,brisknetwork75@opswise.net,2025-12-28 16:08:38
255,mellowtrail19,mellowtrail19@relay.cloud,2025-03-07 00:50:54
256,silverharvest37,silverharvest37@opswise.net,2025-09-07 03:36:16
257,briskmeadow07,briskmeadow07@seeded.app,2025-03-29 01:03:40
258,warmorbit66,warmorbit66@relay.cloud,2024-12-18 14:14:22
259,proudjourney29,proudjourney29@seeded.app,2025-02-06 17:50:13
260,emberyard31,emberyard31@example.com,2024-07-06 10:42:36
261,ambermeadow82,ambermeadow82@seeded.app,2024-11-28 03:14:28
262,amberdelta82,amberdelta82@relay.cloud,2024-08-24 21:28:30
263,goldwindow25,goldwindow25@seeded.app,2025-12-17 13:23:19
264,silveruplink32,silveruplink32@hackstack.io,2025-10-24 06:28:24
265,keenquartz86,keenquartz86@relay.cloud,2024-11-27 03:14:24
266,silverquartz47,silverquartz47@example.com,2024-01-11 05:57:57
267,proudzenith93,proudzenith93@example.com,2024-04-24 20:49:05
268,forestengine76,forestengine76@relay.cloud,2024-12-08 07:30:39
269,opaljourney26,opaljourney26@hackstack.io,2024-10-14 17:53:14
270,opalpioneer80,opalpioneer80@opswise.net,2024-08-16 11:12:46
271,urbansignal18,urbansignal18@example.com,2025-11-28 21:52:35
272,emberbeacon33,emberbeacon33@relay.cloud,2025-07-06 09:25:55
273,urbanquartz32,urbanquartz32@opswise.net,2025-04-25 08:35:20
274,harborpioneer13,harborpioneer13@example.com,2025-12-08 06:39:46
275,emberharvest08,emberharvest08@hackstack.io,2024-05-13 20:37:57
276,urbanquartz44,urbanquartz44@opswise.net,2025-09-11 00:07:07
277,livelydelta23,livelydelta23@acme.dev,2024-03-12 05:26:06
278,tidyquartz42,tidyquartz42@hackstack.io,2024-07-20 16:14:14
279,navykernel39,navykernel39@seeded.app,2024-04-14 23:40:47
280,warmuplink03,warmuplink03@seeded.app,2024-04-24 06:27:11
281,emberquartz62,emberquartz62@acme.dev,2024-07-15 01:41:04
282,cleartrail57,cleartrail57@relay.cloud,2025-06-14 22:18:32
283,clearriver16,clearriver16@example.com,2024-05-15 19:05:56
284,opalmeadow35,opalmeadow35@example.com,2024-01-18 00:01:33
285,vividengine00,vividengine00@example.com,2025-04-02 06:13:56
286,forestnetwork06,forestnetwork06@opswise.net,2024-02-13 04:57:30
287,silverquartz99,silverquartz99@hackstack.io,2024-04-10 20:20:50
288,opaltrail68,opaltrail68@relay.cloud,2025-09-14 08:36:54
289,ivoryisland70,ivoryisland70@example.com,2025-08-23 10:06:25
290,dawncanyon94,dawncanyon94@acme.dev,2024-09-30 09:44:56
291,calmengine41,calmengine41@opswise.net,2025-12-05 14:08:11
292,livelyorbit93,livelyorbit93@opswise.net,2025-05-06 14:43:56
293,forestengine04,forestengine04@hackstack.io,2025-02-04 07:03:42
294,navyengine94,navyengine94@seeded.app,2025-12-13 23:26:10
295,proudsignal85,proudsignal85@acme.dev,2025-05-24 09:46:06
296,youngyard60,youngyard60@opswise.net,2025-06-04 18:53:41
297,brisknetwork04,brisknetwork04@opswise.net,2025-12-09 22:27:39
298,emberwindow35,emberwindow35@seeded.app,2024-09-08 01:36:19
299,forestbeacon22,forestbeacon22@example.com,2025-01-30 21:34:32
300,goldpioneer79,goldpioneer79@relay.cloud,2025-11-10 03:26:32
301,livelydelta31,livelydelta31@acme.dev,2024-07-28 09:21:14
302,cobaltbeacon92,cobaltbeacon92@acme.dev,2024-01-27 00:36:52
303,harbormeadow74,harbormeadow74@opswise.net,2024-01-26 18:35:47
304,navyjourney34,navyjourney34@opswise.net,2024-03-01 17:59:45
305,mellowsignal67,mellowsignal67@acme.dev,2024-10-27 13:00:22
306,dawnharvest54,dawnharvest54@relay.cloud,2024-08-30 08:03:02
307,rapiddelta19,rapiddelta19@hackstack.io,2024-07-06 17:15:06
308,rapiddelta85,rapiddelta85@opswise.net,2024-07-13 03:30:01
309,cobaltgarden50,cobaltgarden50@hackstack.io,2024-04-30 23:45:44
310,navygarden55,navygarden55@acme.dev,2024-04-07 16:55:34
311,ambercanyon57,ambercanyon57@hackstack.io,2024-01-29 01:05:14
312,warmzenith63,warmzenith63@opswise.net,2025-03-09 23:22:06
313,harborjourney79,harborjourney79@hackstack.io,2024-06-22 21:22:20
314,brisknetwork57,brisknetwork57@acme.dev,2025-02-17 21:42:34
315,navyjourney30,navyjourney30@example.com,2025-09-18 12:58:26
316,livelyengine46,livelyengine46@acme.dev,2026-01-02 09:05:32
317,amberanchor46,amberanchor46@opswise.net,2025-03-08 08:07:12
318,emberwindow65,emberwindow65@seeded.app,2024-08-17 20:27:18
319,warmharvest53,warmharvest53@example.com,2024-01-12 17:16:23
320,quietriver47,quietriver47@acme.dev,2024-12-03 22:00:06
321,harborisland45,harborisland45@seeded.app,2024-03-22 14:33:52
322,urbanwindow07,urbanwindow07@seeded.app,2024-04-02 14:05:24
323,younguplink34,younguplink34@example.com,2025-03-13 02:49:21
324,briskuplink58,briskuplink58@acme.dev,2024-02-14 07:05:45
325,rapidlagoon21,rapidlagoon21@hackstack.io,2025-05-07 16:40:50
326,mellowfield65,mellowfield65@seeded.app,2025-01-05 17:17:31
327,emberuplink92,emberuplink92@opswise.net,2024-01-06 18:46:44
328,briskwindow30,briskwindow30@example.com,2025-11-21 00:50:12
329,livelytrail82,livelytrail82@acme.dev,2026-01-30 02:29:59
330,proudisland88,proudisland88@opswise.net,2025-11-30 13:14:57
331,goldnetwork02,goldnetwork02@example.com,2025-09-15 12:37:55
332,clearcanyon91,clearcanyon91@example.com,2025-07-12 00:28:41
333,tidycanyon56,tidycanyon56@hackstack.io,2024-10-20 01:42:11
334,briskwindow32,briskwindow32@acme.dev,2025-11-05 20:01:14
335,calmcanyon36,calmcanyon36@relay.cloud,2024-11-20 11:32:41
336,rapidpioneer74,rapidpioneer74@hackstack.io,2024-01-19 01:08:39
337,jadeyard34,jadeyard34@acme.dev,2025-12-12 07:41:38
338,clearcanyon37,clearcanyon37@relay.cloud,2024-08-08 12:53:31
339,warmfield34,warmfield34@example.com,2024-03-25 11:52:25
340,mellowlagoon59,mellowlagoon59@hackstack.io,2024-08-06 23:13:42
341,silverisland43,silverisland43@opswise.net,2024-12-28 10:56:58
342,cobaltdelta64,cobaltdelta64@opswise.net,2024-07-29 00:06:26
343,harborjourney13,harborjourney13@acme.dev,2024-05-16 22:04:03
344,melloworbit62,melloworbit62@example.com,2024-03-18 06:03:48
345,cobaltjourney80,cobaltjourney80@opswise.net,2025-10-24 09:14:58
346,emberuplink92,emberuplink92@seeded.app,2024-12-16 02:26:02
347,mellowriver17,mellowriver17@acme.dev,2024-11-06 03:12:57
348,rapidbeacon70,rapidbeacon70@acme.dev,2025-09-10 19:42:51
349,vividuplink68,vividuplink68@relay.cloud,2024-05-24 06:07:53
350,cobaltmeadow93,cobaltmeadow93@seeded.app,2025-10-31 11:04:00
351,embersignal49,embersignal49@example.com,2024-02-20 07:19:03
352,harbororbit55,harbororbit55@opswise.net,2024-11-22 14:27:16
353,mellownetwork65,mellownetwork65@acme.dev,2026-01-24 13:13:27
354,goldbeacon33,goldbeacon33@relay.cloud,2025-10-21 10:09:15
355,urbanvalley70,urbanvalley70@relay.cloud,2025-08-04 01:51:04
356,mellowquartz62,mellowquartz62@relay.cloud,2026-01-22 19:16:53
357,urbanmeadow89,urbanmeadow89@example.com,2024-06-07 14:48:15
358,briskriver28,briskriver28@hackstack.io,2024-01-08 04:20:12
359,mellowpioneer60,mellowpioneer60@example.com,2024-07-20 19:36:10
360,urbanriver75,urbanriver75@relay.cloud,2026-01-02 00:23:38
361,warmwindow73,warmwindow73@acme.dev,2025-03-12 06:53:13
362,amberharvest36,amberharvest36@acme.dev,2025-08-26 23:17:39
363,livelynetwork63,livelynetwork63@example.com,2025-09-08 13:26:15
364,navyuplink29,navyuplink29@hackstack.io,2026-01-18 07:17:36
365,dawntrail49,dawntrail49@example.com,2024-08-23 19:10:23
366,rapidanchor93,rapidanchor93@relay.cloud,2025-04-23 14:37:19
367,amberbeacon81,amberbeacon81@relay.cloud,2026-01-24 17:15:47
368,briskvalley72,briskvalley72@relay.cloud,2024-08-21 05:37:39
369,briskyard85,briskyard85@relay.cloud,2025-11-27 20:58:48
370,harborlagoon99,harborlagoon99@acme.dev,2025-03-01 20:34:57
371,urbanfield64,urbanfield64@acme.dev,2024-08-06 12:09:35
372,warmmeadow52,warmmeadow52@opswise.net,2025-09-17 20:33:20
373,livelyorbit81,livelyorbit81@seeded.app,2024-08-03 16:54:05
374,ambertrail50,ambertrail50@example.com,2024-06-27 18:22:08
375,youngriver26,youngriver26@seeded.app,2024-03-09 02:22:02
376,tidyzenith72,tidyzenith72@opswise.net,2024-09-03 13:14:30
377,warmharvest30,warmharvest30@opswise.net,2025-12-02 17:07:24
378,mellowanchor44,mellowanchor44@hackstack.io,2024-02-24 21:27:50
379,warmwindow09,warmwindow09@opswise.net,2025-08-22 02:34:15
380,quietwindow60,quietwindow60@relay.cloud,2025-10-22 05:05:35
381,amberpioneer80,amberpioneer80@example.com,2024-05-12 18:49:19
382,amberisland58,amberisland58@hackstack.io,2024-08-03 17:05:15
383,tidyquartz31,tidyquartz31@example.com,2025-03-06 19:34:47
384,silverisland57,silverisland57@acme.dev,2024-08-16 03:43:22
385,rapidnetwork84,rapidnetwork84@hackstack.io,2024-05-09 07:40:32
386,briskgarden96,briskgarden96@opswise.net,2024-11-04 04:49:36
387,navymeadow74,navymeadow74@hackstack.io,2025-05-11 00:54:29
388,emberharvest17,emberharvest17@hackstack.io,2025-11-25 11:38:34
389,youngorbit48,youngorbit48@opswise.net,2025-09-18 15:05:33
390,briskriver27,briskriver27@seeded.app,2025-09-27 17:39:34
391,navyisland39,navyisland39@relay.cloud,2025-07-21 19:41:00
392,youngengine19,youngengine19@acme.dev,2025-11-11 10:11:07
393,goldjourney31,goldjourney31@hackstack.io,2025-09-21 08:35:17
394,embernetwork76,embernetwork76@acme.dev,2024-03-22 13:09:47
395,urbancanyon93,urbancanyon93@hackstack.io,2024-11-24 05:00:33
396,amberanchor28,amberanchor28@acme.dev,2024-06-27 15:14:26
397,warmfield64,warmfield64@example.com,2025-09-12 03:57:36
398,ivoryharvest29,ivoryharvest29@relay.cloud,2025-03-25 16:51:17
399,navysignal17,navysignal17@example.com,2025-11-05 05:10:22
400,amberjourney41,amberjourney41@example.com,2024-02-29 10:50:00
